PHOBIAS,RELATED WORDS
Acrophobia,"meridian,altitude,cliffs,mass,mountain,rooftop,summit,tallness,deal,stature,rooftops,tiptop,muckle,drop-off,mint,pile,acme,sight,skyscrapers,ladder,height,batch,passel,quite_a_little,ladders,heights,skyscraper,lot,raft,run,good_deal,heap,mount,flock,high,cliff,pinnacle,ravel,hatful,peck,plenty,pot,top,mickle,drop,great_deal,wad,stack,peak,mountains,superlative,slew,elevation,spate,mess,tidy_sum"
Ablutophobia,"water_system,scoop,pee,cascade,hygienics,cleanliness,liquid_ecstasy,exhibitioner,max,urine,lather,exhibitor,tub,piss,bathtub,weewee,bathroom,water_supply,easy_lay,h2o,soap,bath,body_of_water,shower,piddle,georgia_home_boy,lavish,hygiene,goop,shower_down,irrigate,grievous_bodily_harm,rain_shower,bathe,bathing_tub,shower_bath,water"
Achluophobia,"total_darkness,blackness,vague,vestige,bootleg,melanise,smutty,discharge,dim,apparition,night,abandon,slur,vacuous,disastrous,phantasm,phantasma,dumb,swarthiness,tail,melanize,blur,disgraceful,negro,opprobrious,phantom,shameful,iniquity,subdued,black,blackamoor,fantasm,dip,dark,fateful,shade_off,calamitous,evacuate,slow,sinister,nighttime,nox,shadow,overshadow,bleak,shirley_temple_black,fatal,shade,shadower,contraband,black-market,faint,dense,shadowy,inkiness,pitch-black,trace,blackened,negroid,black_person,hollow,empty-bellied,joseph_black,wispy,lightlessness,mordant,wickedness,vacate,dwarf,inglorious,shadows,nigrify,grim,duskiness,empty,pitch_blackness,ignominious,shirley_temple,tincture,dimmed,smuggled,blacken,blind,obtuse,void,darkness,dull,pitch-dark"
Aerophobia,"sturm_und_drang,cowcatcher,smash,plane,fast,wing,upheaval,dash,fell,airport,buffer,drome,clank,go_down,break_up,turbulency,clang,gate-crash,airplane_pilot,quick,flee,collapse,doss_down,crash,turbulence,pilot_film,airports,ram,pilot_burner,fly,airplane,fast-flying,clangoring,pilots,barge_in,pilot_program,clash,archetype,wreck,aerodrome,clangour,original,fender,airdrome,break_apart,vanish,vaporize,pilot_light,navigate,flight,clangor,pilot,take_flight,aviate,aeroplane,flying,doss"
Algophobia,"scream,support,put_up,shrieking,rack,excruciate,descent,botheration,straining,pain,pain_in_the_neck,endure,torment,origin,sophisticate,roue,dr.,hurt,painful_sensation,nuisance,ache,wretched,suffering,ancestry,parentage,trauma,syringe,shout,abide,doctor,shriek,riot,agony,combat_injury,furbish_up,yell,line_of_descent,wow,bushel,pedigree,belly_laugh,suffer,torture,repair,medico,bother,ail,trouble,twisting,stemma,distortion,cry,have,howler,overrefinement,touch_on,brook,injury,doctor_up,excruciation,accidental_injury,hollo,shout_out,blood,sidesplitter,screeching,tolerate,doctor_of_the_church,rakehell,stick_out,digest,torturing,miserable,wound,md,physician,woe,anguish,squall,screech,hurting,fix,line,stock,painfulness,stomach,lineage,doc,call,profligate,stand,pain_in_the_ass,harm,screaming,pain_sensation,lose,infliction,holler,bloodline,distress,restore,meet,sustain,blood_line,thigh-slapper,get,mend,annoyance,rake,rip,bear"
Agoraphobia,"suffocating,suffocate,trap,pin_down,street,smother,immobilize,bunch,streets,asphyxiate,ensnare,metropolis,cornered,herd,gag,market,gang,trammel,food_market,stifle,entrap,city,immobilise,crowd_together,snare,grocery,grocery_store,suffocative,treed,securities_industry,mart,crowd,choke,world,public,push,at_bay,marketplace,market_place,populace,trapped,crew,cities,commercialize,commercialise,pin,smothering,urban_center,strangle"
Aichmophobia,"guessing,furbish_up,guesswork,goad,dig,doctor_of_the_church,barb,bushel,slam,scissor,blastoff,scissors_hold,pair_of_scissors,scissors_grip,pellet,doctors,crack,vaccinum,doc,md,shots,needle,physician,acerate_leaf,knife,restore,repair,medico,phonograph_needle,nip,injectant,shooter,injection,fix,scissor_hold,sophisticate,gibe,needles,tongue,dr.,snap,vaccine,vaccines,scissor_grip,touch_on,guess,mend,dead_reckoning,shooting,snapshot,stab,stroke,shot,doctor_up,scene,shaft,doctor,jibe,scissors"
Amaxophobia,"highway,smash,route,roadstead,road,fortuity,crashes,accident,dash,main_road,clank,go_down,break_up,gate-crash,clang,dealings,collapse,doss_down,crash,ram,clangoring,barge_in,chance_event,clash,wreck,traffic,clangour,break_apart,stroke,clangor,roads,doss"
Androphobia,"strength,durability,dominance,workforce,speciality,authority,men,ascendance,masculinity,man,long_suit,lastingness,humanity,human_race,human_being,human,ascendency,piece,potency,force,intensity_level,human_beings,laterality,military_man,military_posture,military_strength,authorization,say-so,mankind,authorisation,strong_suit,ascendence,hands,military_personnel,persuasiveness,hostility,gentleman,world,posture,forte,work_force,humankind,forcefulness,ascendancy,homo,maleness,aggressiveness,valet,aggression,gentleman's_gentleman,serviceman,military_capability,manpower,adult_male,control,strong_point,humans,metier,specialty,effectiveness,enduringness,intensity,isle_of_man,valet_de_chambre"
Anemophobia,"zephyr,ramp,gust,ventilate,winding,malarkey,blast,endure,gusts,duck_soup,snap,beam,strain,current_of_air,tune,conditions,weather_condition,gentle_wind,melodic_line,jazz,malarky,air_current,farting,pushover,lift,tip,nothingness,melody,lead,hoist,brave,force,picnic,scent,piece_of_cake,breaking_wind,atmosphere,storm,air,violent_storm,aura,air_travel,publicise,child's_play,steer,wander,roll,meander,curve,bare,atmospheric_condition,wind_up,breezes,airwave,wind_instrument,twine,breeze,line,publicize,brave_out,walkover,thread,blow,aerate,wind,broadcast,aviation,nose,rage,twist,send,air_out,weather,upwind,surprise,hint,idle_words,vent,flatus,wrap,weave,transmit,tempest,wreathe,cinch,melodic_phrase,confidential_information,fart"
Anginophobia,"suffocate,denseness,throttle,die,choke_off,quip,heave,density,pass_away,asphyxiate,niggardliness,retch,give-up_the_ghost,cash_in_one's_chips,compactness,choking_coil,gag,scrag,pop_off,go,snuff_it,clog_up,stifle,fret,clog,tightness,back_up,decease,conk,kick_the_bucket,croak,stringency,parsimony,drop_dead,pass,pharynx,minginess,choke,tightfistedness,meanness,congest,exit,concentration,tautness,gagging,throat,muzzle,niggardness,choke_coil,buy_the_farm,expire,constriction,perish,parsimoniousness,foul,closeness,strangle"
Angrophobia,"scream,endanger,jeopardise,imperil,ramp,fad,lowering,furiousness,peril,hysteria,delirium,wildness,threaten,furore,hostility,minatory,aggression,choler,struggle,ira,shout,erinyes,sullen,yell,angriness,furor,see_red,force,ominous,fight,craze,storm,argue,cry,minacious,eumenides,passion,run_afoul,ferocity,yelling,sinister,menace,hollo,shout_out,forbidding,debate,baleful,battle,ire,dispute,infringe,squall,fury,shouting,fence,vehemence,contravene,aggressiveness,wrath,conflict,fierceness,difference,rage,call,heavy,menacing,reason,frenzy,violence,madness,holler,cult,contend,indicate,difference_of_opinion,jeopardize,threatening,anger,engagement,argueing"
Anthophobia,"prime,blush,salad_days,rosiness,blossom,efflorescence,bloom,flower,heyday,flowers,bloom_of_youth,peak,flush,pollen,blooming"
Anthropophobia,"company,social_club,street,bunch,fellowship,streets,metropolis,herd,market,gang,food_market,city,lodge,markets,crowd_together,society,companionship,high_society,grocery,grocery_store,gild,securities_industry,mart,crowd,beau_monde,world,public,push,club,marketplace,market_place,populace,crew,cities,order,commercialize,commercialise,bon_ton,urban_center,smart_set,guild"
Aphenphosmphobia,"affect,adjoin,stuffiness,speck,extend_to,contact_lens,involvement,have-to_doe_with,niggardliness,hugging,fondness,bed,bonk,tinct,sexual_love,get_hold_of,have_a_go_at_it,cutaneous_senses,warmheartedness,dear,roll_in_the_hay,screw,touch_sensation,making_love,bang,affectionateness,beloved,match,have_intercourse,affection,embrace,necking,signature,eff,soupcon,fondling,secretiveness,mite,petting,sleep_together,hump,jazz,love,advert,come_to,spot,stir,kissing,caressing,smooching,feeling,allude,amour,have_it_away,contact,refer,familiarity,touch_modality,tint,inter-group_communication,have_it_off,minginess,be_intimate,tangency,tightfistedness,cuddling,have_sex,touch_on,partake,bear_upon,bear_on,passion,concern,get_it_on,honey,sense_of_touch,dearest,tactual_sensation,rival,tightness,striking,philia,affaire,skin_senses,parsimony,heart,disturb,meanness,liaison,do_it,impact,snuggling,trace,parsimoniousness,tactile_sensation,pinch,nearness,fuck,physical_contact,know,touching,hint,affair,get_laid,warmness,tenderness,sleep_with,get_through,middleman,enjoy,meet,ghost,erotic_love,love_life,bosom,equal,impinging,hug,link,tinge,niggardness,lie_with,touch,squeeze,make_love,jot,pertain,reach,intimacy,make_out,lovemaking,closeness,relate"
Arachibutyrophobia,"jounce,cram,pack,muddle,gluey,steamy,chock_up,honey,gummy,hole,love,shake_up,pile,close_up,mob,dearest,electronic_jamming,jampack,occlude,collide,impede,mucilage,embarrassing,pasty,viscous,dear,gum,jamming,ram,fix,awkward,jarful,sticky,muggy,jolt,beloved,clash,throng,pickle,paste,viscid,jar,press,crush,unenviable,mucilaginous,obstruct,wad,bump_around,obturate,kettle_of_fish,block,shock,glutinous,mess,glue,jam"
Arachnophobia,"insects,louse,dirt_ball,webs,vane,reverence,net,insect,wanderer,fright,awe,dread,network,world_wide_web,spider,creepy-crawly,crawly,care,www,spiders,entanglement,concern,creepy,fear,web,fearfulness,veneration,venerate,revere,worm"
Arithmophobia,"number,reckoning,numbers_racket,figuring,computing,issue,add_up,problem,par,keep_down,numeral,book_of_numbers,numbers_game,identification_number,computation,problems,count,enumerate,equating,equality,turn,deliberation,phone_number,numerate,maths,amount,bit,telephone_number,trouble,equations,calculations,come,routine,equation,job,figure,numbers,math,total,calculation,numbers_pool,list,mathematics,equivalence,act"
Astraphobia,"sully,rage,thunder,ramp,weather,clouds,upwind,surprise,obnubilate,atmospheric_condition,befog,taint,becloud,brave,obscure,mottle,force,skag,nose_drops,endure,tempest,dapple,boom,big_h,hell_dust,storm,storms,overcast,corrupt,roar,violent_storm,scag,brave_out,mist,cloud,swarm,fog,smack,haze_over,defile,lightning,conditions,roaring,weather_condition"
Astrophobia,"wandflower,star,universe_of_discourse,outer_space,genius,blank,superstar,space,quad,lead,maven,hotshot,principal,creation,cosmea,distance,virtuoso,galax,asterisk,population,galaxies,existence,place,beetleweed,coltsfoot,sensation,galax_urceolata,whizz,ace,extragalactic_nebula,whiz,world,cosmos,headliner,universe,mavin,wizard,macrocosm,champion,adept,galaxy,stars,wiz,star_topology,infinite,blank_space"
Ataxophobia,"mass,mountain,topsy-turvyness,muddle,deal,smother,pandemonium,untidiness,disquiet,distract,disarray,hole,bedlam,muckle,mint,perturb,pile,sight,cark,messiness,batch,unhinge,disorderliness,topsy-turvydom,passel,mess_hall,quite_a_little,fix,jumble,lot,clutter,upset,trouble,disorder,good_deal,heap,flock,raft,mare's_nest,pickle,hatful,peck,plenty,pot,mussiness,muss,great_deal,wad,mess_up,stack,clutter_up,kettle_of_fish,chaos,slew,welter,mickle,spate,fuddle,mess,jam,tidy_sum"
Atelophobia,"misapprehension,erroneousness,wrongdoing,mistake,shift,error,geological_fault,flaw,errors,fracture,blame,erroneous_belief,slip,err,break,demerit,faults,misplay,imperfectness,blemish,misunderstanding,faulting,fault,computer_error,defect,imperfection,misidentify"
Atychiphobia,"departure,loser,expiration,red,licking,kill,letdown,nonstarter,reverse,deprivation,overcome,shoot_down,failure,frustration,release,get_the_better_of,reversal,vote_out,loss,exit,blow,going,passing,vote_down,black_eye,setback,unsuccessful_person,personnel_casualty,dashing_hopes,defeat,disappointment,bankruptcy,red_ink"
Automatonophobia,"machine,political_machine,golem,automobile,androids,bradypus_tridactylus,three-toed_sloth,cyborg,artificial_intelligence,android,motorcar,car,robots,mechanical_man,automaton,army_intelligence,artificial_insemination,ai,robot,machines,cyborgs,simple_machine,auto,bionic_man,humanoid,bionic_woman"
Autophobia,"purdah,secretiveness,shut_up,still,swarthiness,lonely,closing_off,shadow,exclusively,solely,quieten,loneliness,secrecy,solitariness,unaccompanied,wickedness,solitary,quiet,isolation,solitude,aloneness,iniquity,duskiness,hush,lone,unequalled,solo,unique,unequaled,entirely,forlornness,only,alone,dark,darkness,silence,muteness,desolation,lonesomeness,unparalleled,hush_up"
Bacteriophobia,"scandal,transmission,disease,taint,pollution,shit,poop,ungraded,unwellness,crap,microscope,grime,turd,source,filth,germs,malicious_gossip,sickness,bug,illness,infection,stain,bacterium,grunge,grease,dirt,bacteria,contaminant,germ,seed,microbe,shite,contamination,malady,soil,contagion"
Barophobia,"fall_down,soberness,free_weight,falling,pressing,angle,burdensomeness,decrease,insistence,blackjack,ponderousness,weighting,weightiness,onerousness,flow,force_per_unit_area,diminish,graveness,burden,sobriety,solemnity,go_down,heaviness,force,hang,gravitation,fall,precipitate,shine,coerce,pressure,pressure_sensation,return,atmospheric_pressure,air_pressure,burthen,thickness,weight,pass,blackmail,sombreness,weight_down,come,slant,somberness,gravitational_force,settle,strike,accrue,gravitational_attraction,imperativeness,press,descend,pressure_level,system_of_weights,squeeze,hale,oppressiveness,come_down,insistency,gravity,dropping,light,exercising_weight,lessen,devolve,weight_unit"
Bathmophobia,"splosh,tread,inclines,whole_step,ramp,decrease,allium_tricoccum,travel,trigger,side,ramps,spark,hang,stone's_throw,tend,pitch,swingy,pass,come,wild_leek,trigger_off,mistreat,strike,jaunt,descend,activate,trip,gradient,squish,footmark,trip_out,devolve,set_off,falling,tripping,abuse,be_given,diminish,slosh,trip_up,go_down,stair,fall,return,storm,run,spill,settle,pace,slope,come_down,dropping,light,measure,actuate,touch_off,flow,dispose,slop,precipitate,lightsome,steps,tone,swill,footprint,stumble,footstep,step,spark_off,stairs,turn_on,splatter,fall_down,rage,ill-treat,whole_tone,lean,incline,lilting,ill-use,gradation,shine,slopes,swinging,footfall,squelch,maltreat,accrue,stride,dance_step,get_off,splash,lessen"
Batrachophobia,"batrachian,salientian,amphibians,skip,spring,toad,jump,stick_out,jump-start,rise,parachute,pass_over,amphibian,alternate,amphibious_aircraft,start,bound,jump_off,toad_frog,anuran,amphibious_vehicle,stand_out,toads,frog,jumpstart,chute,leap_out,startle,leap,climb_up,frogs,jump_out,jumping,derail,skip_over,gaul"
Belonephobia,"discriminating,trap,immobilize,rowlock,descent,sharp,pair_of_scissors,scissors_grip,sharply,knife,immobilise,pin_tumbler,origin,incisive,roue,ancestry,parentage,syringe,knifelike,goad,line_of_descent,pedigree,oarlock,abrupt,penetrating,objects,peg,needle,thole,pivot,stick,fall,phonograph_needle,injection,personal_identification_number,stemma,tongue,object,pin,stab,scissors,precipitous,blood,bowling_pin,objective,aim,rakehell,acutely,scissors_hold,acerate_leaf,pin_number,piercing,injectant,target,scissor_hold,line,stock,acuate,tholepin,lineage,crisp,flag,profligate,pins,keen,scissor,acute,bloodline,physical_object,penetrative,tart,shrill,needlelike,shrewd,needles,blood_line,astute,scissor_grip,shot,sharp-worded,rake,rip"
Bibliophobia,"record,reading_material,version,mix-up,spell,composition,indication,register,write,school_text,committal_to_writing,drop_a_line,good_book,foliate,reading,muddiness,varlet,mental_confusion,say,record_book,save,textual_matter,script,literature,publish,word_of_god,take,word,writing,learn,book,holy_scripture,leger,bible,paginate,disarray,koran,rule_book,al-qur'an,authorship,confusion,books,pages,holy_writ,scripture,lit,read,piece_of_writing,pen,interpretation,volume,book_of_account,meter_reading,recital,confusedness,text,compose,indite,discombobulation,show,pageboy,written_material,understand,translate,text_edition,schoolbook,page,christian_bible,textbook,recitation,account_book,hold,quran,playscript,ledger,thomas_nelson_page,scan,penning,sir_frederick_handley_page,study,interpret,reserve"
Botanophobia,"pull_up_stakes,blossom,farewell,allow_for,pass_on,spine,heyday,leave,institute,parting,flush,thorn,constitute,lead,sticker,vine,leave_alone,works,plant_life,flora,shoetree,vines,leaf,leave_behind,get_out,pricker,give,plant,industrial_plant,bequeath,establish,go_forth,allow,provide,spikelet,prime,corner,leave-taking,go_away,implant,imbed,leaves,bloom,embed,will,tree,flowers,exit,trees,go_out,sir_herbert_beerbohm_tree,result,forget,leafage,leave_of_absence,pollen,set,plants,nature,folio,entrust,found,thorns,irritant,prickle,impart,foliage,flower,depart,peak,engraft,tree_diagram,efflorescence"
Cacophobia,"twist,aberration,ugliness,flex,ill-shapen,flaw,straining,wickedness,torture,antic,malformed,deformation,distort,vileness,turn,moulder,nefariousness,optical_aberration,rot,fantastical,twisting,deform,putrefaction,distortion,monstrous,deformed,distorted_shape,rotting,imperfectness,change_form,overrefinement,blemish,molder,fault,fantastic,decomposition,misshapen,bend,grotesque,strain,defect,change_shape,imperfection,waste,distorted,decompose,contort,wring,flaws"
Catagelophobia,"humiliation,freeze_off,burlesque,scoffing,spurn,mortification,jeer,spoof,takeoff,rib,sendup,blackguard,superfluity,laugh,overplus,make_fun,lampoon,laugh_at,travesty,roast,charade,disdain,contemn,jeering,chagrin,jest_at,scoff,poke_fun,pasquinade,mockery,despite,ridicule,derision,reject,contempt,scorn,abasement,guy,embarrassment,despise,pooh-pooh,put-on,parody,plethora,laughter,turn_down"
Catoptrophobia,"mirror_image,range_of_a_function,aberration,picture,visualise,visualize,range,straining,torture,manifestation,mental_image,look-alike,fancy,images,mirrors,ikon,simulacrum,deformation,icon,paradigm,reflexion,effigy,reflection,contemplation,persona,double,epitome,optical_aberration,envision,twisting,reflectivity,distortion,image,musing,trope,project,reflections,distorted_shape,figure_of_speech,prototype,overrefinement,figure,mirror,rumination,see,expression,thoughtfulness,observation"
Chionophobia,"bamboozle,deoxyephedrine,overwinter,snowstorm,methedrine,frappe,coke,ice-skating_rink,play_false,c,snowfall,sparkler,internal-combustion_engine,shabu,snow,icing,insensate,common_cold,white-out,frigid,chicken_feed,winter,rash,chalk,frigidness,ice_rink,meth,hoodwink,cold-blooded,frosting,crank,frost,dusty,stale,methamphetamine_hydrochloride,frigidity,cold,methamphetamine,blow,ice,pull_the_wool_over_someone's_eyes,water_ice,trash,white_out,c._p._snow,wintertime,lead_by_the_nose,nose_candy,low_temperature,blizzard,coldness,glass,baron_snow_of_leicester,moth-eaten,charles_percy_snow,whiteout,inhuman"
Chrometophobia,"rich,money,wealthiness,account,banker's_bill,banknote,charge,handbill,mint,invoice,eyeshade,note,coin,broadsheet,pecker,greenback,measure,bills,covetousness,vizor,rapacity,avaritia,billhook,riches,wealth,federal_reserve_note,coins,poster,avarice,flyer,broadside,throwaway,neb,posting,strike,circular,nib,bill,visor,card,debt,greed,flier,beak,peak,notice,rich_people,bank_note,government_note,bank_bill,placard"
Chromophobia,"colourize,colourise,discolor,spectre,vividness,emblazon,coloring_material,refinement,shadow,hues,discolour,colour_in,coloration,subtlety,nicety,distort,people_of_colour,dark_glasses,shades,colouration,shade,tad,shadowiness,imbue,ghost,tint,spook,colors,colour,color_in,tone,colours,people_of_color,colorise,sunglasses,hue,tincture,colouring,tinge,chromaticity,fill_in,colorize,gloss,nuance,colouring_material,specter,shade_off,coloring,color,semblance,shadiness,wraith"
Chronomentrophobia,"follow,alfilaria,filaria,pin_grass,deadline,sentry,ticktock,keep_an_eye_on,redstem_storksbill,look_out,retick,find_out,take_in,prison_term,erodium_cicutarium,time,tick_off,ticking,filaree,lookout,clock_time,catch,click,beat,determine,sentinel,check_off,alfileria,observe,scout,meter,tick,vigil,lookout_man,look_on,fourth_dimension,mark,check,spotter,deadlines,picket,sentence,clocks,watch,ticker,metre,clip,clock,view,see,watches,watch_out,ticktack,ascertain,pin_clover,watch_over,learn,mark_off"
Chronophobia,"senescent,destruction,commute,death,senescence,shift,incertitude,interchange,alteration,switch,variety,modify,prison_term,change,dubiousness,time,convert,uncertainty,clock_time,aging,decease,dying,uncertainness,alter,get_on,mature,dubiety,maturate,ripening,end,ageing,meter,doubtfulness,exchange,fourth_dimension,expiry,senesce,modification,sentence,vary,last,age,clip,metre,clock,doubt,deepen,transfer,precariousness,demise"
Cibophobia,"suffocate,throttle,eating,die,choke_off,intellectual_nourishment,eat,pass_away,taint,choking,asphyxiate,rust,pollution,give-up_the_ghost,wipe_out,hungriness,crave,lust,cash_in_one's_chips,thirstiness,feed,famish,gag,scrag,use_up,food,corrode,pop_off,go,snuff_it,clog_up,stifle,fret,clog,back_up,decease,eat_up,appetite,throttling,kick_the_bucket,croak,consume,drop_dead,pass,starve,feeding,choke,food_for_thought,conk,congest,exit,run_through,strangling,buy_the_farm,nutrient,thirst,contaminant,expire,hunger,strangulation,perish,deplete,solid_food,exhaust,contamination,eat_on,foul,appetency,appetence,strangle"
Claustrophobia,"throttle,small-scale,jailed,stick_in,trap,insert,pin_down,elevator,enwrap,immobilize,bunch,minuscule,lift,minor,enclose,ensnare,restrain,enclosed,burrow,envelop,confined,cornered,herd,enfold,circumscribe,imprisoned,gang,introduce,trammel,little,wrap,inclose,hold_in,entrap,shut_in,modest,put_in,immobilise,crowd_together,snare,hold,belittled,humble,pocket-size,restrict,bound,captive,treed,small,crowd,push,limit,lowly,confine,at_bay,trapped,crew,close_in,pocket-sized,pin,detain,tunnel,low,diminished"
Climacophobia,"meridian,fall_down,stairs,altitude,falling,summit,tallness,decrease,stature,tiptop,flow,diminish,mounting,acme,climb,rise,elevation,go_down,stair,height,go_up,hang,fall,precipitate,shine,return,steps,heights,wax,pass,mount,come,high,pinnacle,settle,strike,accrue,top,descend,step,climbing,climb_up,come_down,peak,superlative,dropping,light,lessen,devolve"
Coulrophobia,"dress_up,physical_composition,composition,antic,buffoon,costumes,goofball,merry_andrew,makeup,constitution,clowns,goof,war_paint,clown,costume,clown_around,make-up"
Cyberphobia,"computing_machine,concealment,calculator,screen_out,net,technology,block_out,screen,screens,internet,cover,screenland,sieve,shield,engineering,malfunction,viruses,computer,sort,virus,engineering_science,filmdom,covert,projection_screen,computing_device,data_processor,misfunction,applied_science,computers,electronic_computer,screen_door,test,blind,riddle,computer_virus,information_processing_system,crt_screen,cyberspace,estimator,reckoner,figurer,silver_screen"
Cynophobia,"wiener,hot_dog,cuspid,heel,dog,sting,cad,go_after,frump,eye_tooth,weenie,tail,canines,chamfer,domestic_dog,barbed,mordacious,blackguard,canine_tooth,pawl,bounder,frank,dogtooth,track,click,chase,hound,bite,eyetooth,bitter,hotdog,firedog,tag,seize_with_teeth,skin,nipping,canine,dogs,bark,pungent,andiron,burn,furrow,canis_familiaris,trail,canid,wienerwurst,chase_after,barking,chasing,give_chase,biting,detent,prick,dog-iron,frankfurter"
Daemonophobia,"monomania,swarthiness,ogre,smell,evilness,will_power,shadow,disembodied_spirit,spirit_up,sprightliness,daemon,spirit,willpower,john_barleycorn,wickedness,strong_drink,flavor,supernatural,feeling,self-control,possession,ownership,hard_drink,malign,self-possession,immorality,iniquity,hard_liquor,self-command,fiend,heart,duskiness,demons,tone,emotional_state,occult,terror,spirits,look,purport,evil,liveliness,daimon,life,intent,self-will,malevolent,malefic,booze,feel,dark,scourge,darkness,threat,flavour,devil,demon,monster,inspirit,menace,liquor,vicious"
Decidophobia,"decisions,pressing,selection,option,insistence,mix-up,incertitude,blackjack,disarray,paralysis,force_per_unit_area,decisiveness,dubiousness,force,confusedness,uncertainty,coerce,pressure,pressure_sensation,atmospheric_pressure,air_pressure,determination,confusion,pick,blackmail,dubiety,conclusion,muddiness,palsy,options,discombobulation,mental_confusion,question,alternative,choices,doubtfulness,imperativeness,press,pressure_level,squeeze,hale,insistency,decision,doubt,choice"
Dendrophobia,"wood,forest,afforest,ramify,shoetree,offset,corner,arm,branch,tree,sir_herbert_beerbohm_tree,trees,separate,limb,woodland,outgrowth,branches,nature,subdivision,woods,timberland,offshoot,tree_diagram,ramification,furcate,leg,fork,timber"
Dentophobia,"tooth,goad,alveolar,dental,needle,teeth,acerate_leaf,dentists,tooth_doctor,phonograph_needle,injectant,injection,needles,dental_consonant,dentist,injections,dentition,alveolar_consonant,shot,dental_practitioner"
Domatophobia,"buildings,business_firm,menage,theater,construction,make,structure,family,anatomical_structure,put_up,social_organization,complex_body_part,building,firm,work_up,domiciliate,establish,structures,star_sign,home,sign_of_the_zodiac,mansion,build,build_up,house,planetary_house,edifice,household,body_structure,bodily_structure,social_system,sign,progress,construct,houses,theatre,social_structure,social_organisation,ramp_up"
Dystychiphobia,"combat_injury,profligate,topsy-turvyness,blood,pandemonium,line_of_descent,rakehell,fortuity,bedlam,harm,pedigree,descent,wound,accident,bloodline,injuries,accidents,topsy-turvydom,origin,roue,line,bad_luck,stemma,stock,chance_event,blood_line,hurt,tough_luck,ancestry,lineage,parentage,accidental_injury,trauma,ill_luck,misfortune,injury,stroke,chaos,rake,rip"
Ecophobia,"dark-green,k,park,commons,destruction,death,preservation,jet,putting_green,green_river,pollution,greenness,befoulment,immature,environment,viridity,light-green,demolition,conservation,greens,wipeout,surroundings,super_c,end,fleeceable,unripe,devastation,leafy_vegetable,cat_valium,putting_surface,special_k,greenish,surround,nature,super_acid,common,defilement,contamination,william_green,unripened,green,honey_oil,gullible,environs"
Elurophobia,"upchuck,felines,excise,claws,hissing,purge,sensory_hair,caterpillar,retch,chuck,pincer,felid,grave,computerized_axial_tomography,scratching,spue,fret,cancel,hiss,fizzle,rub,qat,scratch,strike,sibilation,whoosh,scraping,honk,come_up,hushing,scrape_up,cats,big_cat,expunge,spew,hook,nipper,puke,bewhisker,khat,chela,true_cat,quat,sibilate,computed_tomography,engrave,vibrissa,hair's-breadth,sizz,whisker,siss,itch,claw,fray,call_off,boo,cat,regorge,inscribe,bozo,african_tea,hombre,cast,feline,scratch_up,whiskers,beard,guy,scrub,chafe,regurgitate,cat-o'-nine-tails,computed_axial_tomography,throw_up,sick,vomit_up,be_sick,arabian_tea,hair,scrape,kat,face_fungus,vomit,ct,disgorge,hairsbreadth,barf,computerized_tomography"
Emetophobia,"suffocate,nausea,gag,sickness,quip,heave,unwellness,choke,malady,illness,gagging,fret,muzzle,retch,strangle"
Entomophobia,"louse,dirt_ball,sting,tease,glitch,hemipteron,insect,hemipteran,badger,fawn,bugs,bunco,pang,crawl,fast,prick,confidence_trick,wing,fell,twinge,bunko_game,stick,quick,crawling,con,flee,hustle,stinging,bite,grovel,bunko,con_game,confidence_game,fly,fast-flying,bug,tap,gyp,intercept,cower,flimflam,cringe,germ,bunco_game,wiretap,creep,beleaguer,microbe,vanish,vaporize,hemipterous_insect,burn,pester,insect_bite,flight,pilot,worm,take_flight,aviate,creeping,flying"
Ephebiphobia,"young,senescent,youth,younker,commute,brigham_young,senescence,shift,whitney_moore_young_jr.,interchange,alteration,switch,untested,pres_young,variety,vernal,modify,unseasoned,change,whitney_young,early_days,convert,immature,spring_chicken,aging,thomas_young,loretta_young,teen,youthfulness,alter,get_on,mature,edward_young,maturate,ripening,ageing,adolescent,untried,danton_true_young,teenagers,exchange,juvenility,cy_young,teenager,senesce,modification,young_person,lester_willis_young,vary,youthful,age,stripling,deepen,transfer,new,offspring"
Erotophobia,"turn_on,fuck,sleep_together,relationship,know,honey,jazz,hump,kinship,involvement,affair,love,get_laid,wind_up,dearest,sleep_with,bed,amour,sexual_activity,sexual_love,bonk,have_it_away,human_relationship,familiarity,have_a_go_at_it,enjoy,gender,dear,roll_in_the_hay,erotic_love,screw,bang,affaire,nakedness,sexuality,making_love,have_it_off,love_life,be_intimate,nudity,nudeness,sex,liaison,beloved,have_intercourse,family_relationship,lie_with,have_sex,do_it,sexual_urge,sex_activity,arouse,sexual_practice,passion,make_love,eff,excite,get_it_on,intimacy,make_out,lovemaking,closeness"
Equinophobia,"give_up,turn_on,tease,kick,buck,equitation,cavalry,rid,horseback_riding,horse_cavalry,drive,taunt,equus_caballus,rag,razz,tantalize,bait,hinge_on,kick_back,disembarrass,quetch,complain,sit,horse,boot,gymnastic_horse,devolve_on,equid,sawhorse,mount,sawbuck,equine,plain,twit,tantalise,recoil,riding,depend_upon,horses,kvetch,knight,rally,sound_off,hinge_upon,free,depend_on,cod,kicking,ride"
Gamophobia,"union,man_and_wife,relationship,marriage,kinship,loyalty,committedness,wedlock,dedication,human_relationship,commitment,allegiance,consignment,matrimony,spousal_relationship,committal,family_relationship,marriage_ceremony,wedding,married_couple"
Genuphobia,"twist,knees,articulatio_genus,deflexion,flex,kneel,joint,articulation,stick,turn,roast,marijuana_cigarette,stifle,bending,junction,join,deform,knee_joint,reefer,knee,turn_away,deflection,deflect,articulatio,juncture,spliff,bend,crouch,stoop,bow,human_knee,joints,kneeling,articulate,genu"
Glossophobia,"perspicacity,discernment,audience,speechmaking,sound_judgment,sound_judgement,speaking,mouth,assessment,opinion,legal_opinion,speak,demonstration,address,speech_production,sagacity,mind,talk,display,hearing,world,public,verbalise,verbalize,presentment,public_speaking,judgment,populace,judgement,presentation,consultation,sagaciousness,judging,interview,intro,judicial_decision,introduction,oral_presentation,utter"
Gynophobia,"women,char,womanhood,females,cleaning_lady,adult_female,woman,female,fair_sex,female_person,cleaning_woman,feminity,charwoman"
Haphephobia,"affect,mite,adjoin,petting,bear_upon,speck,touching,hint,extend_to,handshaking,soupcon,have-to_doe_with,hugging,come_to,advert,sense_of_touch,shake,handclasp,spot,kissing,caressing,smooching,tactual_sensation,feeling,stir,rival,allude,tinct,contact,refer,touch_modality,cutaneous_senses,meet,ghost,tint,touch_sensation,skin_senses,bosom,disturb,equal,match,hug,cuddling,tinge,touch_on,impact,snuggling,partake,touch,embrace,trace,handshake,bear_on,necking,squeeze,tactile_sensation,signature,jot,pinch,pertain,concern,reach,fondling,relate"
Heliophobia,"brightness_level,illumination,ignite,light-headed,wanton,ignitor,fondness,igniter,spark,sparkle,shin,get_down,heat_up,warmheartedness,unclouded,affectionateness,sun,exposure,sunburn,wakeful,brightness,struggle,hotness,sunbathe,christ_within,hot_up,vulnerability,light_source,peel,insolate,inflame,dismount,tripping,sunday,visible_radiation,fall,clean,twinkle,calorie-free,abstemious,pelt,heating_system,light_up,lightness,sluttish,lovingness,visible_light,estrus,luminance,photograph,high_temperature,lightheaded,weak,lord's_day,passion,illumine,heat,luminousness,light,sunshine,clear,oestrus,photo,lighter,scant,tan,sunlight,illume,solarise,lightsome,heating_plant,warmth,alight,pare,lightly,unhorse,faint,stir_up,pic,bark,tegument,burn,erythema_solare,picture,low-cal,rut,hide,luminosity,clamber,unaccented,heating,lite,warmness,light_within,dominicus,fire_up,scrape,light-colored,perch,idle,loose,cutis,wake,shinny,suntan,scramble,easy,solarize,swooning,skin,lighting,promiscuous,illuminate,heat_energy,short,sputter,get_off,inner_light"
Hemophobia,"combat_injury,profligate,blood,goad,line_of_descent,rakehell,fortuity,harm,pedigree,descent,wound,accident,needle,bloodline,acerate_leaf,phonograph_needle,injectant,injection,origin,roue,line,stemma,stock,chance_event,conk,swoon,blood_line,faint,hurt,ancestry,lineage,fainting,parentage,accidental_injury,trauma,syringe,injury,stroke,shot,pass_out,rake,rip"
Herpetophobia,"hand-build,turbinate,venomous,slither,surmount,slide,snake,hydra,gyrate,plate,scale_leaf,exfoliation,snake_in_the_grass,shell,helical,whorled,slipping,musical_scale,snake_river,reptilian,scurf,descale,scales,scale_of_measurement,spiraling,snakes,voluted,ordered_series,virulent,scale,weighing_machine,coiling,reptiles,curl,deadly,ophidian,loop,volute,serpent,handbuild,coil,poisonous,graduated_table,spiral,slithering,reptile,vicious"
Hippopotomonstrosesquipedaliophobia,"hanker,linguistic_communication,spoken_language,tenacious,christian_bible,bible,run-in,foresightful,word_of_honor,discussion,logos,give-and-take,formulate,holy_scripture,words,spoken_communication,intelligence,phrase,linguistic_process,countersign,terminology,nomenclature,good_book,longsighted,recollective,language,foresighted,oral_communication,wrangle,farsighted,yearn,row,tidings,parole,watchword,give_voice,retentive,lyric,voice_communication,holy_writ,scripture,farseeing,actor's_line,speech,word_of_god,son,long,news,word,password,articulate,book,quarrel,prospicient,speech_communication,dustup"
Hydrophobia,"water_system,waving,pee,wave,wafture,waves,drowning,flap,swimming,beckon,brandish,flourish,urine,liquid,overwhelm,naiant,piss,float,weewee,water_supply,h2o,body_of_water,piddle,curl,irrigate,submerge,undulate,roll,swim,water,moving_ridge,undulation,drown"
Hypochondria,"die,furbish_up,doctor_of_the_church,disease,pass_away,become_flat,bushel,give-up_the_ghost,go_bad,conk_out,cash_in_one's_chips,md,pall,give_way,unwellness,physician,pop_off,go,snuff_it,restore,repair,medico,decease,wellness,kick_the_bucket,health,croak,fix,sophisticate,drop_dead,pass,sickness,break,choke,symptom,illness,conk,exit,buy_the_farm,dr.,touch_on,expire,symptoms,give_out,perish,mend,infirmary,doctor,break_down,malady,dice,doctor_up,hospital,die_out,doc,fail"
Iatrophobia,"furbish_up,medical_exam,goad,doctor_of_the_church,checkup,bushel,medical,doctors,needle,md,physician,acerate_leaf,restore,repair,medico,phonograph_needle,fix,hospitals,sophisticate,health_check,needles,dr.,touch_on,medical_examination,mend,infirmary,doctor,doctor_up,hospital,aesculapian,medical_checkup,doc"
Insectophobia,"insects,louse,dirt_ball,tease,sting,edged,glitch,hemipteron,insect,hemipteran,badger,fawn,bugs,prick,crawl,fast,wing,fell,twinge,stick,quick,crawling,flee,stinging,bite,grovel,fly,fast-flying,bug,tap,intercept,creepy-crawly,cower,cringe,germ,wiretap,creep,beleaguer,microbe,vanish,vaporize,hemipterous_insect,burn,pester,cutting,creepy,flight,pilot,worm,take_flight,aviate,creeping,flying"
Koinoniphobia,"way,suite,elbow_room,room,rooms,board"
Koumpounophobia,"hollow,wear,trap,muddle,clump,clothe,drape,bunch,constellate,enclothe,hole,bundle,gob,clothing,cloak,way,clusters,raiment,adorn,robe,habiliment,maw,golf_hole,tog,mode,release,fit_out,apparel,vesture,fashion,garb,clustering,clit,clitoris,push_button,bunch_up,yap,fix,manner,cluster,flock,hole_out,push,pickle,style,invest,buttons,forge,wearable,garment,button,habilitate,dress,kettle_of_fish,article_of_clothing,holes,mess,cakehole,jam"
Leukophobia,"tweed,albumen,bloodless,closing_off,white_person,whiten,egg_white,blank,white,patrick_white,ovalbumin,white-hot,andrew_d._white,whitened,vanity,vacuum,edward_white,andrew_dickson_white,isolation,caucasian,livid,theodore_harold_white,clean,t._h._white,blanched,flannel,e._b._white,elwyn_brooks_white,edward_douglas_white_jr.,gabardine,whiteness,white_river,patrick_victor_martindale_white,lily-white,edward_d._white,ashen,stanford_white,void,vacancy,snowy,emptiness"
Lilapsophobia,"oversupply,rage,twist,ramp,flood,jazz,surprise,air_current,malarky,hint,farting,lift,tip,flooding,idle_words,nothingness,lead,wind_up,hoist,deluge,wind_instrument,tornadoes,swamp,crack,winding,force,hurricane,malarkey,flatus,twine,scent,wrap,glut,crack_cocaine,breaking_wind,weave,tempest,storm,storms,wreathe,tornado,violent_storm,thread,twister,inundate,hurricanes,steer,wander,winds,confidential_information,fart,roll,current_of_air,wind,meander,curve,implosion_therapy,nose"
Lockiophobia,"wear,acquit,stand,sister,support,vaginal_birth,infant,tolerate,child,indulge,max_born,put_up,born,stick_out,mollycoddle,digest,deliver,suffer,baby,birth,childbearing,conduct,coddle,contain,meaning,significant,behave,natural,deport,endure,innate,expect,hold,cocker,babe,turn_out,carry,cosset,gestate,have,yield,give_birth,accouchement,childbirth,spoil,babies,stomach,accept,featherbed,brook,take_over,pay,have_a_bun_in_the_oven,pamper,pregnant,assume,comport,fraught,abide,bear"
Mageirocophobia,"fervor,give_the_axe,give_the_sack,intellectual_nourishment,make,send_away,flak,prepare,burn_down,flaming,ardor,kindle,open_fire,enkindle,wangle,flack,dismiss,kitchen,fudge,go_off,food,blast,firing,fake,knife,discharge,terminate,fuel,evoke,cook,fix,fervency,raise,misrepresent,give_notice,food_for_thought,fervour,ready,manipulate,force_out,tongue,attack,nutrient,displace,cookery,arouse,sack,elicit,fire,burn,can,provoke,solid_food,knives,preparation,ardour,cooking,fervidness,flame,falsify"
Megalophobia,"bombastic,tumid,buildings,giant,heavy,statues,construction,make,heavyweight,prominent,gravid,titan,aim,objective,building,work_up,objects,magnanimous,with_child,establish,vauntingly,physical_object,colossus,build,great,declamatory,expectant,build_up,target,goliath,giants,giant_star,behemoth,edifice,big,turgid,orotund,object,hulk,statue,progress,construct,enceinte,large,monster,boastfully,whale,ramp_up"
Melanophobia,"total_darkness,blackness,nox,unknown,swarthiness,vestige,joseph_black,shadow,tail,unnamed,bootleg,lightlessness,bleak,overshadow,melanize,shirley_temple_black,terra_incognita,melanise,mordant,wickedness,disgraceful,obscure,smutty,fatal,negro,opprobrious,nighttime,inglorious,phantom,shameful,dwarf,unknown_quantity,unsung,iniquity,shade,shadows,nameless,dim,nigrify,apparition,night,duskiness,grim,shadower,alien,black,pitch_blackness,contraband,ignominious,disastrous,shirley_temple,blackamoor,black-market,fantasm,phantasm,smuggled,blacken,tincture,stranger,inkiness,pitch-black,trace,phantasma,dark,fateful,darkness,shade_off,unknown_region,calamitous,strange,blackened,sinister,pitch-dark,negroid,unidentified,black_person"
Microphobia,"small-scale,particles,mote,corpuscle,speck,minuscule,lilliputian,minor,particle,little,diminutive,modest,belittled,humble,pocket-size,lupus_erythematosus,bantam,small,le,lowly,midget,tiny,molecule,pocket-sized,subatomic_particle,atom,low,to_a_lesser_extent,diminished,less,flyspeck,petite"
Mysophobia,"scandal,taint,pollution,shit,poop,ungraded,unwellness,crap,grime,turd,source,filth,germs,malicious_gossip,sickness,bug,illness,stain,grunge,grease,germ,dirt,contaminant,seed,microbe,shite,contamination,malady,soil"
Necrophobia,"corpse,destruction,casket,death,coffins,underframe,skeleton_in_the_closet,demise,skeletal_system,army_corps,grave,corpses,remains,engrave,funerals,dying,decease,corps,inscribe,stephanie_graf,cadaver,systema_skeletale,end,steffi_graf,skeletal_frame,skeletons,graves,skeleton,robert_graves,coffin,graf,scratch,sculpture,funeral,expiry,skeleton_in_the_cupboard,grave_accent,last,robert_ranke_graves,stiff,sculpt,tomb,frame,clay"
Noctiphobia,"nox,wickedness,night,duskiness,swarthiness,dark,darkness,shadow,iniquity,nighttime"
Nomophobia,"tedium,communication,ennui,disjuncture,disconnect,disconnection,technology,cellphones,gulf,engineering,disconnectedness,mobile_phone,boredom,engineering_science,applied_science,cellular_phone,cellphone,cell,communicating,disjunction,cellular_telephone"
Nosocomephobia,"pain_in_the_ass,disease,pain_sensation,botheration,infliction,unwellness,anguish,pain,pain_in_the_neck,bother,ail,hurting,hospitals,nausea,sickness,trouble,illness,painfulness,hurt,nuisance,painful_sensation,infirmary,malady,annoyance,hospital"
Nyctophobia,"total_darkness,blackness,nox,vestige,tail,shadow,lightlessness,overshadow,dwarf,phantom,shade,shadows,apparition,night,shadower,black,pitch_blackness,tincture,fantasm,phantasm,inkiness,trace,phantasma,dark,darkness,shade_off,nighttime"
Obesophobia,"overweight,adipose_tissue,rich,fleshiness,free_weight,stoutness,heavy,flesh_out,weighting,weightiness,fat,burden,productive,fatten_out,plump_out,corpulence,corpulency,burthen,obesity,fatness,weight,fatten,fill_out,juicy,plump,slant,fatty_tissue,avoirdupois,fatty,fleshy,blubber,system_of_weights,fatten_up,adiposis,fertile,exercising_weight,angle,weight_down,weight_unit"
Octophobia,"octopus,octonary,viii,eight,infinity,eighter_from_decatur,eight-spot,devilfish,8,octad,ogdoad,ashcan_school,octet,eternity,eighter"
Ombrophobia,"oversupply,water_system,rising_tide,rainwater,blind_drunk,alluvion,floods,pee,flood,torrent,urine,fuddled,loaded,deluge,overflow,swamp,flood_lamp,glut,piss,cockeyed,rain_down,squiffy,wet,sozzled,weewee,electric_storm,besotted,floodlight,tight,moisture,outpouring,soused,blotto,water_supply,thunderstorm,slopped,h2o,electrical_storm,body_of_water,piddle,inundate,crocked,inundation,irrigate,photoflood,flowage,sloshed,rainfall,pelting,smashed,soaked,flood_tide,pissed,rain,lactating,stiff,plastered,pixilated,pie-eyed,thunderstorms,water"
Ophidiophobia,"hand-build,turbinate,venomous,slither,slide,hydra,gyrate,snake_in_the_grass,helical,whorled,creature,slipping,snake_river,animal,reptilian,animals,spiraling,snakes,voluted,virulent,slithering,coiling,reptiles,curl,deadly,ophidian,loop,serpent,brute,handbuild,volute,beast,animate_being,fauna,coil,poisonous,spiral,snake,reptile,vicious"
Ornithophobia,"claws,muckle,pincer,wing,birds,flee,pick_at,shuttlecock,raspberry,pick,shuttle,hiss,good_deal,cluster,nag,pot,vanish,great_deal,escape,flying,hoot,fold,razzing,constellate,birdie,razz,quick,hen-peck,passel,flight_of_stairs,flocks,quite_a_little,hook,nipper,plenty,fledge,chela,brute,bronx_cheer,smack,fauna,pilot,mickle,aviate,tidy_sum,clump,fast,pile,fell,claw,creature,snort,boo,animal,dame,wench,heap,skirt,peck_at,flock,trajectory,doll,troop,animate_being,take_flight,mess,mass,mountain,deal,birdwatch,mint,pecking,sight,batch,pick_up,flight_of_steps,animals,bird,fly,lot,fast-flying,raft,fowl,peck,hatful,vaporize,beast,wad,beak,chick,flight,stack,slew,spate"
Osmophobia,"aroma,bouquet,smell,perfume,redolence,sweetness,fragrances,olfactory_perception,smell_out,spirit,reek,olfactory_sensation,scents,flavor,feeling,fragrance,scent,odourise,odor,smelling,smells,tone,fragrancy,look,odour,sense_of_smell,olfactory_modality,odors,feel,olfaction,smack,flavour,wind,olfactory_property,odorize,sense,nose"
Ostraconophobia,"pelf,pubic_louse,bitch,gelt,bellyache,lobster,pisces,boodle,lobsters,cabbage,buck,dollar,moolah,sugar,dough,lucre,crab,simoleons,crabby_person,holler,lettuce,phthirius_pubis,wampum,mollusc,one_dollar_bill,squawk,kale,shekels,dollar_bill,crabmeat,crab_louse,seafood,beef,lolly,clams,loot,cancer,dinero,grouse,scratch,fish,clam,cancer_the_crab,gripe,pisces_the_fishes,crabs,pediculosis_pubis,mollusk,bread,shellfish,angle"
Papyrophobia,"record,banker's_bill,document,invoice,eyeshade,spell,composition,note,broadsheet,write,committal_to_writing,drop_a_line,good_book,paper,foliate,varlet,exams,record_book,save,script,publish,visor,word_of_god,flier,word,writing,book,holy_scripture,bank_bill,leger,bible,banknote,paginate,koran,rule_book,al-qur'an,authorship,pecker,vizor,exam,report,poster,flyer,broadside,neb,test,holy_writ,scripture,reserve,piece_of_writing,nib,pen,card,bank_note,measure,volume,book_of_account,account,charge,newspaper,billhook,federal_reserve_note,compose,indite,pageboy,circular,written_material,bill,notice,page,placard,text_file,newspaper_publisher,christian_bible,handbill,greenback,account_book,bills,hold,quran,playscript,written_document,ledger,thomas_nelson_page,wallpaper,papers,throwaway,posting,penning,examination,sir_frederick_handley_page,beak,peak,theme,government_note"
Pathophobia,"medicinal_drug,furbish_up,medical_specialty,doctor_of_the_church,medicine,bushel,doctors,md,unwellness,physician,clinic,restore,repair,medico,practice_of_medicine,music,wellness,health,medicament,fix,hospitals,sophisticate,sickness,nausea,symptom,illness,dr.,medication,touch_on,medicate,symptoms,mend,infirmary,doctor,malady,doctor_up,hospital,doc,therapy"
Pedophobia,"toy_dog,child,fry,dolls,minor,baby,nestling,flirt,dally,miniature,toys,play,kid,fiddle,plaything,dame,shaver,tike,bird,youngster,nipper,wench,toy,skirt,tyke,tiddler,doll,diddle,chick,children,small_fry,dolly"
Philematophobia,"buss,fuck,trust,kiss,sleep_together,hump,candy_kiss,honey,know,jazz,involvement,affair,love,get_laid,religious_belief,osculation,dearest,warmness,tenderness,sleep_with,bed,fondness,amour,bonk,sexual_love,religion,have_it_away,friendship,familiarity,have_a_go_at_it,enjoy,warmheartedness,dear,roll_in_the_hay,erotic_love,screw,bang,affaire,making_love,have_it_off,heart,philia,snog,love_life,affectionateness,be_intimate,beloved,liaison,faith,have_intercourse,lie_with,osculate,friendly_relationship,have_sex,affection,do_it,passion,make_love,eff,get_it_on,intimacy,make_out,lovemaking,closeness,organized_religion"
Philophobia,"rage,fuck,want,trust,sleep_together,relationship,know,honey,jazz,hump,kinship,love,get_laid,religious_belief,dearest,warmness,tenderness,sleep_with,bed,fondness,bonk,sexual_love,mania,religion,have_it_away,friendship,human_relationship,have_a_go_at_it,enjoy,passion_of_christ,dear,cacoethes,roll_in_the_hay,warmheartedness,erotic_love,screw,bang,making_love,have_it_off,heart,warmth,philia,love_life,affectionateness,be_intimate,beloved,faith,have_intercourse,family_relationship,lie_with,hope,have_sex,friendly_relationship,affection,do_it,passionateness,passion,make_love,eff,get_it_on,heat,lovemaking,make_out,desire,organized_religion"
Phobophobia,"phobic_neurosis,phobias,phobia,phobic_disorder"
Podophobia,"lonesome,base,groundwork,heel,dog,cad,smash,foot,articulatio_genus,animal_foot,pass_with_flying_colors,complete,nail,foundation,breeze_through,sail_through,blackguard,peg,collar,solitary,resole,bounder,blast,pick_up,pinpoint,stifle,ft,hound,foot_up,sweep_through,boom,toenail,toe,understructure,invertebrate_foot,pick,human_foot,infantry,lone,ace,knee_joint,nail_down,knee,hoof,arrest,reheel,metrical_unit,pes,sole,fundament,human_knee,cop,only,leg_it,apprehend,fillet_of_sole,exclusive,metrical_foot,list,substructure,hoof_it,genu,nab"
Porphyrophobia,"mourning,lamentation,colourize,colourise,discolor,sorrowing,vividness,emblazon,coloring_material,over-embellished,discolour,bereaved,colour_in,violet,coloration,distort,people_of_colour,grieving,colouration,bereft,regal,purpleness,royal_line,imperial,colour,purple,purplish,color_in,people_of_color,colorise,empurpled,colouring,tinge,purpurate,royalty,colorize,grief-stricken,gloss,royal,empurple,colouring_material,coloring,color,semblance,royal_house,bereavement,majestic,mourn,royal_family"
Pteridophobia,"institute,verdure,fern,spores,constitute,works,plant_life,flora,industrial_plant,plant,establish,ferns,implant,imbed,greenery,embed,spore,set,plants,found,engraft"
Pteromerhanophobia,"sully,hoot,sky,clouds,plane,birdwatch,flip,obnubilate,razzing,befog,taint,becloud,fast,birdie,toss,wing,fell,obscure,annex,mottle,razz,snort,boo,quick,flight_of_steps,flee,flank,flight_of_stairs,dapple,backstage,overcast,corrupt,shuttlecock,dame,raspberry,pitch,bird,airplane,fly,fast-flying,wench,shuttle,hiss,skirt,trajectory,mist,offstage,fowl,cloud,fender,fledge,swarm,fog,doll,vanish,vaporize,bronx_cheer,haze_over,flight,defile,chick,pilot,escape,take_flight,annexe,aviate,extension,aeroplane,flying"
Pyrophobia,"weed,send_away,flak,open_fire,ignite,skunk,hummer,go_off,blast,firing,discharge,terminate,heat_up,fuel,fastball,force_out,attack,pot,bullet,sack,fire,provoke,hotness,hot_up,grass,ardour,fervidness,fervor,inflame,flaming,sens,dismiss,flare,evoke,heating_system,fervency,estrus,displace,high_temperature,gage,heater,elicit,can,passion,heat,give_the_axe,dope,oestrus,enkindle,sess,heating_plant,warmth,raise,mary_jane,green_goddess,stir_up,arouse,burn,flack,give_the_sack,rut,burn_down,ardor,kindle,roll_of_tobacco,heating,fire_up,flames,wake,give_notice,fervour,fume,heat_energy,smoking,locoweed,smoke,flame"
Samhainophobia,"samhain,frame,spectre,disguise,dissemble,smell,underframe,ghosts,disembodied_spirit,skeleton_in_the_closet,skeletal_system,spirit_up,sprightliness,spirit,costume,john_barleycorn,block_out,cloak,strong_drink,masque,flavor,feeling,masquerade,ghostwrite,masquerade_party,hard_drink,mask,shade,hard_liquor,hallowe'en,liquor,ghost,haunt,dress_up,allhallows_eve,spook,heart,obsess,tone,emotional_state,systema_skeletale,spirits,look,skeletal_frame,purport,skeletons,skeleton,halloween,liveliness,life,masks,skeleton_in_the_cupboard,touch,trace,booze,feel,costumes,specter,flavour,ghostwriter,intent,inspirit,wraith"
Scolionophobia,"instruction,hear,breeding,duty_assignment,prove,quiz,examen,get_wind,encyclopaedism,screen,appraisal,teaching,learnedness,assessment,acquire,naming,determine,try_out,cultivate,schoolhouse,educational_activity,judgment,check,train,take,watch,interrogatory,trial_run,shoal,interrogation,get_a_line,ascertain,learn,schoolroom,didactics,bookman,civilize,training,instruct,scrutiny,testing,exam,mental_test,department_of_education,run,designation,assignment,test,teach,larn,discover,read,educatee,judgement,schooling,educate,homework,preparation,mental_testing,teacher,memorize,get_word,find_out,education_department,student,scholar,education,try,essay,instructor,school,scholarly_person,trial,school_day,see,teachers,appointment,pedagogy,encyclopedism,classroom,pupil,psychometric_test,memorise,learning,schooltime,scholarship,pick_up,assigning,con,civilise,acquisition,prep,eruditeness,examination,tryout,study,examine,grant,erudition"
Scoptophobia,"attaint,disgrace,shame,eye,attention,pity,regard,oculus,center,tending,eyes,aid,heart,dishonour,attending,optic,centre,care,stare,ignominy,dishonor,gaze,middle,eyeball"
Selenophobia,"nox,sky,swarthiness,lunar_month,outer_space,flip,shadow,blank,moon_around,moonshine,space,moonlight,quad,toss,wickedness,distance,lunation,daydream,sun_myung_moon,iniquity,place,pitch,night,lunar,duskiness,synodic_month,moon,moon_on,dark,darkness,infinite,nighttime,blank_space"
Sociophobia,"mass,parties,company,social_club,relationship,interact,kinship,bunch,fellowship,citizenry,socialization,the_great_unwashed,herd,people,gang,relationships,socialising,human_relationship,lodge,interacting,multitude,companionship,society,high_society,crowd_together,political_party,party,gild,crowd,beau_monde,club,push,hoi_polloi,socializing,family_relationship,socialisation,crowds,socialise,crew,order,masses,bon_ton,smart_set,guild,socialize"
Somniphobia,"aspiration,rest,sopor,pipe_dream,eternal_rest,take_a_breather,unstrain,unlax,swarthiness,relaxation,slow_down,shadow,nightmares,repose,roost,loosen_up,eternal_sleep,log_z's,incubus,dreaming,pillow,unwind,wickedness,remain,reside,quietus,balance,residuum,nightmare,insomnia,loosen,daydream,iniquity,breathe,perch,ease,loose,duskiness,remainder,sleep,stay,decompress,nap,kip,catch_one's_breath,rest_period,ambition,residue,dreams,stargaze,make_relaxed,relief,residual,slack,catch_some_z's,slacken,dream,slumber,lie,dark,respite,darkness,woolgather,relax,slack_up,unbend"
Tachophobia,"profligate,race,motion,quicken,degenerate,focal_ratio,stop_number,fast,swiftness,hurry,debauched,firm,campaign,drive,immobile,move,dissolute,effort,travel_rapidly,speeding,hie,social_movement,quick,speed,fasting,apparent_motion,speedup,hasten,velocity,upper,amphetamine,acceleration,pep_pill,racing,speed_up,dissipated,rush,tight,front,run,fastness,cause,hurrying,drift,quickening,f_number,motility,libertine,riotous,trend,apparent_movement,step_on_it,pelt_along,bm,belt_along,bucket_along,hotfoot,truehearted,cannonball_along,degraded,loyal,accelerate,movement,zip,rush_along,bowel_movement,crusade,flying"
Technophobia,"computing_machine,calculator,design,machine,technology,foundation,institution,political_machine,excogitation,golem,automobile,creation,founding,conception,engineering,automation,mechanization,computer,motorcar,innovation,engineering_science,car,instauration,robots,computing_device,automaton,origination,data_processor,applied_science,computers,electronic_computer,machines,robot,simple_machine,auto,information_processing_system,introduction,reckoner,mechanisation,figurer,estimator,invention,initiation"
Thalassophobia,"water_system,maritime,leatherneck,waving,pee,surge,wave,wafture,waves,flap,beckon,brandish,flourish,urine,devil_dog,piss,shipboard_soldier,tides,weewee,sea,marine,water_supply,h2o,body_of_water,piddle,curl,tide,nautical,irrigate,ocean,undulate,lunar_time_period,roll,moving_ridge,undulation,water"
Trichophobia,"wig,pelt,hirsute,visual_aspect,appearance,wigging,appearing,show,hairy,coming_into_court,hiar,wigs,fur,haired"
Tonitrophobia,"sully,rage,thunder,ramp,weather,clouds,upwind,surprise,obnubilate,atmospheric_condition,befog,taint,becloud,brave,obscure,mottle,force,skag,nose_drops,endure,tempest,dapple,boom,big_h,hell_dust,storm,storms,overcast,corrupt,roar,violent_storm,scag,brave_out,mist,cloud,swarm,fog,smack,haze_over,defile,lightning,conditions,roaring,weather_condition"
Trypanophobia,"injectant,injection,vaccination,needle,goad,acerate_leaf,syringe,shot,needles,inoculation,phonograph_needle"
Trypophobia,"normal,hollow,pattern,patterns,honeycomb,muddle,trap,formula,clump,design,babble,bubbles,spores,bunch,hole,constellate,bundle,radiation_pattern,eruct,gob,belch,ripple,clusters,maw,model,golf_hole,radiation_diagram,clustering,bubble,house_of_cards,bunch_up,yap,fix,practice,cluster,flock,hole_out,convention,blueprint,spore,pickle,approach_pattern,shape,traffic_pattern,figure,burble,rule,burp,gurgle,guggle,kettle_of_fish,holes,mess,cakehole,jam,form"
Venustraphobia,"fille,beautiful,char,peeress,lady,daughter,madam,bullying,cleaning_woman,charwoman,noblewoman,young_lady,missy,ma'am,female_child,miss,women,intimidation,dame,girl,young_woman,womanhood,determent,woman,fair_sex,little_girl,deterrence,girlfriend,lady_friend,cleaning_lady,adult_female,gentlewoman"
Verminophobia,"git,insects,louse,pests,infest,squealer,betrayer,rats,strikebreaker,stag,dirt_ball,insect,pest,mice,disease,shit,scum_bag,skunk,worm,fink,overrun,pestis,rat,stinker,betray,blackleg,plague,tell_on,mouse,puke,invade,shop,dirty_dog,stinkpot,informer,crumb,snitch,bum,scab,rotter,blabber,black_eye,computer_mouse,give_away,blighter,cuss,pesterer,so-and-so,gadfly,lowlife,shiner,grass,pestilence,denounce"
Wiccaphobia,"conjuration,witching,import,spells,magic,bewitch,while,tour,beldam,enchantress,magical_spell,conjuring_trick,spell,trance,supernatural,piece,crone,enchant,write,go,turn,jinx,hag,illusion,charming,witch,magic_spell,occult,wiccan,wizardly,sorcerous,legerdemain,magical,beldame,witchery,trick,deception,patch,hex,glamour,enchantment,charm,spell_out,thaumaturgy,magic_trick,witchcraft,wizard"
Xenophobia,"alien,unknown,racial_discrimination,foreigner,outsiders,outlander,noncitizen,racism,outsider,foreigners,strangers,stranger,racialism"
Zoophobia,"fleshly,favorite,darling,pets,carnal,sensual,wight,creature,favourite,animal,dearie,positron_emission_tomography,creatures,pet,puppet,brute,beast,ducky,tool,deary,animate_being,fauna,wildlife"
